t_ps,s
-16,0.034982776
-11,0.035386914
-6,0.035139977
-1,0.035070776
4,0.021594668
9,0.030005616
14,0.028225856
19,0.027228208
24,0.024081325
29,0.027472385
34,0.028450069
39,0.026345588
44,0.020522187
49,0.023313734
54,0.021475789
59,0.015305772
64,0.020541901
69,0.017417511
74,0.017897205
79,0.017295758
84,0.018958995
89,0.023565000
