t_ps,s
-1,0.030063093
4,0.018013135
9,0.024918541
14,0.020201311
19,0.017982259
24,0.018030211
29,0.018501699
34,0.018432379
