t_ps,s
-1,0.030063093
4,0.018013135
9,0.024918541
14,0.020201311
19,0.017982259
24,0.018030211
29,0.018501699
34,0.018432379
39,0
44,0
49,0
54,0
59,0
64,0
69,0
74,0
79,0
84,0
89,0
94,0
99,0
104,0
