t_ps,delta_k
-16,0.040924961
-11,0.041397745
-6,0.041108863
-1,0.041027908
4,0.036181713
9,0.035139342
14,0.033433140
19,0.034491936
24,0.032459220
29,0.033152785
34,0.032936288
39,0.032739429
44,0.030448519
49,0.031820517
54,0.028680113
59,0.027683900
64,0.028148462
69,0.028123400
74,0.026934917
79,0.027149889
84,0.026220880
89,0.026272153
94,0.026124238
99,0.027232468
104,0.027332979
