{
  "source_mainfit_json": "fit_results\\real_multi_fit_smoke\\deltak12k_globalfit_20260327_100946\\globalfit_deltak12k_raw_m_chi2q_1p0to2p5mW_20260327_100946.json",
  "observable_mode": "raw_m_chi2q",
  "train_rows": [
    {
      "dataset_name": "deltak12k_1p0mW.csv",
      "fluence_ratio": 1.0,
      "n_points": 22,
      "t": [
        -1e-12,
        4e-12,
        9e-12,
        1.4e-11,
        1.9e-11,
        2.4e-11,
        2.9e-11,
        3.4e-11,
        3.9e-11,
        4.3999999999999997e-11,
        4.9e-11,
        5.4e-11,
        5.9e-11,
        6.4e-11,
        6.9e-11,
        7.4e-11,
        7.9e-11,
        8.4e-11,
        8.9e-11,
        9.4e-11,
        9.9e-11,
        1.04e-10
      ],
      "S_obs": [
        0.040845498,
        0.040111646,
        0.037312835,
        0.036486074,
        0.036657527,
        0.034626156,
        0.034941703,
        0.033139035,
        0.03381598,
        0.033201665,
        0.032890558,
        0.032440767,
        0.031642109,
        0.031112671,
        0.031917796,
        0.031831533,
        0.0316194,
        0.03131637,
        0.031111538,
        0.031824484,
        0.031169221,
        0.03067337
      ],
      "template_u": [
        0.29956089308163036,
        0.2983377002403787,
        0.29345389445434356,
        0.28739660269159645,
        0.28178908398791663,
        0.2767975273816711,
        0.2723461507954314,
        0.2683694078342687,
        0.26481164490448506,
        0.26162565519247105,
        0.258771455068542,
        0.25621524953218416,
        0.25392855608950704,
        0.25188745689290437,
        0.2500719444184057,
        0.24846531162407534,
        0.24705350482917457,
        0.24582430004008882,
        0.24476612275022577,
        0.24386652267102668,
        0.24311099431873287,
        0.24248320397698114
      ],
      "S_fit": [
        0.03910410578031734,
        0.038920626854129586,
        0.038188055986224316,
        0.03727946222181225,
        0.03643833441626028,
        0.03568960092532345,
        0.03502189443738749,
        0.034425382993213086,
        0.03389171855374554,
        0.033413820096943436,
        0.03298569007835408,
        0.0326022592479004,
        0.032259255231498835,
        0.03195309035200844,
        0.03168076348083364,
        0.03143976856168408,
        0.031227997542448968,
        0.0310436168240861,
        0.03088489023060665,
        0.030749950218726785,
        0.03063662096588271,
        0.030542452414619954
      ],
      "dt_i_ps": 0.6868927326777414,
      "sigma_irf_ps": 0.2,
      "A_obs": 0.15,
      "B_obs": -0.0058300281819272165,
      "B_eff_obs": -0.0058300281819272165,
      "rms": 0.0007324811758827453,
      "wrms": 0.03662405879413727
    },
    {
      "dataset_name": "deltak12k_2p0mW.csv",
      "fluence_ratio": 2.0,
      "n_points": 22,
      "t": [
        -1e-12,
        4e-12,
        9e-12,
        1.4e-11,
        1.9e-11,
        2.4e-11,
        2.9e-11,
        3.4e-11,
        3.9e-11,
        4.3999999999999997e-11,
        4.9e-11,
        5.4e-11,
        5.9e-11,
        6.4e-11,
        6.9e-11,
        7.4e-11,
        7.9e-11,
        8.4e-11,
        8.9e-11,
        9.4e-11,
        9.9e-11,
        1.04e-10
      ],
      "S_obs": [
        0.041027907800000006,
        0.036181712600000006,
        0.035139341600000006,
        0.033433140400000005,
        0.0344919355,
        0.0324592202,
        0.033152784500000004,
        0.032936288,
        0.0327394287,
        0.030448519200000003,
        0.031820517300000004,
        0.028680113000000004,
        0.027683900200000004,
        0.0281484621,
        0.028123399700000003,
        0.0269349168,
        0.0271498887,
        0.026220880400000004,
        0.026272152500000003,
        0.026124237700000004,
        0.027232467900000005,
        0.0273329793
      ],
      "template_u": [
        0.29064978907543954,
        0.2889190845377959,
        0.28140450222117264,
        0.2707045288111276,
        0.25948617967310283,
        0.24935394314229395,
        0.24050143981524427,
        0.23275882399744682,
        0.2259734402948084,
        0.22001575165174464,
        0.2147758894668561,
        0.21016067845054728,
        0.20609109551885446,
        0.20250009762079094,
        0.19933076448542833,
        0.19653471136671533,
        0.19407073407607112,
        0.1919036541782322,
        0.19000333643948839,
        0.1883438537046092,
        0.18690277658355064,
        0.18566056691120358
      ],
      "S_fit": [
        0.03776777166053402,
        0.03758252254847302,
        0.03677818554502407,
        0.035632894404812515,
        0.03443211797451617,
        0.03334759558510824,
        0.0324000517697521,
        0.031571306785221534,
        0.030845020883401245,
        0.030207328829640223,
        0.029646470638100365,
        0.029152473121973548,
        0.02871687790155474,
        0.02833250890178606,
        0.02799327355780828,
        0.027693992920211873,
        0.027430256623633038,
        0.027198299280188104,
        0.02699489531025609,
        0.026817269553559637,
        0.026663021239488077,
        0.02653005906495701
      ],
      "dt_i_ps": 0.6868927326777414,
      "sigma_irf_ps": 0.2,
      "A_obs": 0.10703682115101033,
      "B_obs": 0.006657542169687325,
      "B_eff_obs": 0.006657542169687325,
      "rms": 0.0012904229291015427,
      "wrms": 0.06452114645507714
    },
    {
      "dataset_name": "deltak12k_2p5mW.csv",
      "fluence_ratio": 2.5,
      "n_points": 22,
      "t": [
        -1e-12,
        4e-12,
        9e-12,
        1.4e-11,
        1.9e-11,
        2.4e-11,
        2.9e-11,
        3.4e-11,
        3.9e-11,
        4.3999999999999997e-11,
        4.9e-11,
        5.4e-11,
        5.9e-11,
        6.4e-11,
        6.9e-11,
        7.4e-11,
        7.9e-11,
        8.4e-11,
        8.9e-11,
        9.4e-11,
        9.9e-11,
        1.04e-10
      ],
      "S_obs": [
        0.041152865,
        0.031168744,
        0.033989921,
        0.036147699,
        0.034465194,
        0.031169802,
        0.03133069,
        0.028972164,
        0.026348457,
        0.027104795,
        0.026659742,
        0.026326925,
        0.026252374,
        0.02551499,
        0.024932757,
        0.025123805,
        0.023030996,
        0.021554053,
        0.023912847,
        0.022776604,
        0.022125393,
        0.020891294
      ],
      "template_u": [
        0.2870143463360914,
        0.28508709604550564,
        0.27650697463046386,
        0.26370983130710424,
        0.24843173499760177,
        0.23212944197521782,
        0.21702309313480256,
        0.20333073747371805,
        0.1909299782897857,
        0.17972409954829857,
        0.16963522851385535,
        0.16059469741259597,
        0.15253685715060775,
        0.14539594815763823,
        0.13910520750924302,
        0.13359732964967463,
        0.12880554568525956,
        0.12466481657344775,
        0.12111285662271547,
        0.11809087116254685,
        0.11554399790916511,
        0.1134214960591956
      ],
      "S_fit": [
        0.036348888002559226,
        0.03619129296689204,
        0.035489679612862465,
        0.03444323210766061,
        0.03319391221154527,
        0.03186084174173164,
        0.03062556597296644,
        0.029505915199365754,
        0.02849188080256818,
        0.027575554122752168,
        0.026750567353632765,
        0.02601130539668149,
        0.025352399996748924,
        0.024768473864818667,
        0.02425406766563445,
        0.023803677691914226,
        0.023411844120286147,
        0.02307324858069703,
        0.022782797850006545,
        0.022535684172708167,
        0.0223274213522706,
        0.022153860213697384
      ],
      "dt_i_ps": 0.6868927326777414,
      "sigma_irf_ps": 0.2,
      "A_obs": 0.08177196103537407,
      "B_obs": 0.012879162057371007,